ESCO Company Name,Address,Phone,Fax,Email,Website,Commodity,Territory,Service Class
"ABC Energy, LLC.","200 East Post Road, Suite 200, White Plains, NY 10601",866-497-2041,800-727-5062,info@abcenergy.com,http://abcenergy.com,ELECTRIC,"Consolidated Edison Company of New York, Inc.;",Commercial/Industrial - Serving || Residential - Serving || Small Commercial - Serving
"ABN Energy, LLC","1434 Western Ave, Suite 1 #7997, Albany, NY 12203",(516) 992-6000,(516) 619-0489,info@abnenergy.com,http://www.abnenergy.com,ELECTRIC,"Consolidated Edison Company of New York, Inc.; || KeySpan Gas East Corporation d/b/a National Grid; || The Brooklyn Union Gas Company d/b/a National Grid NY;",Commercial/Industrial - Serving || Residential - Serving || Small Commercial - Serving
APG&E (TX),"6161 Savoy Drive, Suite 500, Houston, TX 77036",877-544-4857,888-456-2085,customer-care@apge.com,http://www.apge.com,ELECTRIC,,Commercial/Industrial - Serving
"ASC Energy Services, Inc.","1595 Ocean Ave., Suite A12, Bohemia, NY 11716",631-750-5200,631-750-6063,info@ascenergyservices.com,http://www.ascenergyservices.com,ELECTRIC,"Consolidated Edison Company of New York, Inc.; || KeySpan Gas East Corporation d/b/a National Grid; || The Brooklyn Union Gas Company d/b/a National Grid NY;",Residential - Serving || Small Commercial - Serving
Abest Green Power,"333 Mamaroneck Avenue, Suite 387, White Plains, NY 10605",888-987-6937,,wecare@abestgreenpower.com,http://www.abestgreenpower.com,ELECTRIC,"Consolidated Edison Company of New York, Inc.; || New York State Electric & Gas Corporation; || Niagara Mohawk Power Corporation d/b/a National Grid; || Orange and Rockland Utilities, Inc.; || Rochester Gas and Electric Corporation;",Residential - Serving || Small Commercial - Serving
"Aggressive Energy, LLC","78 Rapelye Street, Brooklyn, NY 11231",888-836-9222,332-244-8866,info@aggressiveny.com,http://www.aggressiveenergy.com,ELECTRIC,"Consolidated Edison Company of New York, Inc.; || KeySpan Gas East Corporation d/b/a National Grid; || New York State Electric & Gas Corporation; || Niagara Mohawk Power Corporation d/b/a National Grid; || Rochester Gas and Electric Corporation; || The Brooklyn Union Gas Company d/b/a National Grid NY;",Commercial/Industrial - Serving
"Agway Energy Services, LLC.","5793 Widewaters Parkway, Syracuse, NY 13214",888-982-4929,315-459-6545,aesweb@suburbanpropane.com,http://www.agwayenergy.com/,ELECTRIC,"Central Hudson Gas & Electric Corporation; || Consolidated Edison Company of New York, Inc.; || KeySpan Gas East Corporation d/b/a National Grid; || National Fuel Gas Distribution Corporation; || New York State Electric & Gas Corporation; || Niagara Mohawk Power Corporation d/b/a National Grid; || Orange and Rockland Utilities, Inc.; || Rochester Gas and Electric Corporation; || The Brooklyn Union Gas Company d/b/a National Grid NY;",Residential - Serving || Small Commercial - Serving
Alist Energy LLC,"300 E. Lombard St., Suite 840, Baltimore, MD 21202",1-800-213-8148,,alistenergyllc@gmail.com,http://rualist.com,ELECTRIC,,Commercial/Industrial - Serving || Residential - Certified - Not Serving || Small Commercial - Serving
"All American Power and Gas, LLC.","25166 Marion Avenue, Suite 113, Punta Gorda, FL 33950",347-5234492,212-731-0297,support@aapandg.com,http://aapandg.com,ELECTRIC,"Consolidated Edison Company of New York, Inc.;",Commercial/Industrial - Serving || Residential - Serving || Small Commercial - Serving
"All Choice Energy, LLC","3 School Street, Suite 101B, Glen Cove, NY 11542",844-344-2672,516-213-1296,customerservice@allchoiceenergy.com,http://www.allchoiceenergy.com,ELECTRIC,"Consolidated Edison Company of New York, Inc.; || KeySpan Gas East Corporation d/b/a National Grid; || Niagara Mohawk Power Corporation d/b/a National Grid; || The Brooklyn Union Gas Company d/b/a National Grid NY;",Commercial/Industrial - Serving || Residential - Serving || Small Commercial - Serving
"Alpha Gas and Electric, LLC","12 College Rd, Monsey, NY 10952",845-810-0088,(845) 501-0633,customerservice@laphagne.com,http://www.alphagasandelectric.com,ELECTRIC,"Central Hudson Gas & Electric Corporation; || Consolidated Edison Company of New York, Inc.; || KeySpan Gas East Corporation d/b/a National Grid; || National Fuel Gas Distribution Corporation; || New York State Electric & Gas Corporation; || Niagara Mohawk Power Corporation d/b/a National Grid; || Orange and Rockland Utilities, Inc.; || Rochester Gas and Electric Corporation; || The Brooklyn Union Gas Company d/b/a National Grid NY;",Commercial/Industrial - Serving || Residential - Serving || Small Commercial - Serving
"American Power & Gas, LLC","10601 Belcher Road South, Seminole, FL 33777",(727) 733-8700,(727) 733-6618,customerservice@GoAPG.com,http://www.AmericanPowerAndGas.com,ELECTRIC,"Central Hudson Gas & Electric Corporation; || Consolidated Edison Company of New York, Inc.; || KeySpan Gas East Corporation d/b/a National Grid; || National Fuel Gas Distribution Corporation; || New York State Electric & Gas Corporation; || Niagara Mohawk Power Corporation d/b/a National Grid; || Orange and Rockland Utilities, Inc.; || Rochester Gas and Electric Corporation; || The Brooklyn Union Gas Company d/b/a National Grid NY;",Commercial/Industrial - Serving || Residential - Serving || Small Commercial - Serving
Ameripro Energy Corp.,"64 Browns River Road 3, Bayport, NY 11705",877-789-2266,,info@ameriproenergy.com,http://www.ameriproenergy.com,ELECTRIC,,Commercial/Industrial - Certified - Not Serving || Residential - Certified - Not Serving || Small Commercial - Certified - Not Serving
Approved Energy,"6717 4th Avenue, Brooklyn, NY 11220",1833-CLN-ENER,718-228-9886,support@approvedenergy.com,https://www.approvedenergy.com,ELECTRIC,"Consolidated Edison Company of New York, Inc.; || KeySpan Gas East Corporation d/b/a National Grid; || New York State Electric & Gas Corporation; || Rochester Gas and Electric Corporation; || The Brooklyn Union Gas Company d/b/a National Grid NY;",Commercial/Industrial - Serving || Residential - Serving || Small Commercial - Serving
"Atlantic Energy, LLC","2170 Buckthorne Place, Suite 375, The Woodlands, TX 77380",800-917-9133,516-922-2055,info@atlanticenergyco.com,http://www.atlanticenergyco.com,ELECTRIC,"Central Hudson Gas & Electric Corporation; || Consolidated Edison Company of New York, Inc.; || KeySpan Gas East Corporation d/b/a National Grid; || National Fuel Gas Distribution Corporation; || New York State Electric & Gas Corporation; || Niagara Mohawk Power Corporation d/b/a National Grid; || Orange and Rockland Utilities, Inc.; || Rochester Gas and Electric Corporation; || The Brooklyn Union Gas Company d/b/a National Grid NY;",Commercial/Industrial - Serving || Residential - Serving || Small Commercial - Serving
"BP Energy Retail Company, LLC","201 Helios Way, Houston, TX 77079",8774324530,,retailcustomercare@bp.com,http://www.bp.com,ELECTRIC,"Central Hudson Gas & Electric Corporation; || Consolidated Edison Company of New York, Inc.; || KeySpan Gas East Corporation d/b/a National Grid; || National Fuel Gas Distribution Corporation; || Niagara Mohawk Power Corporation d/b/a National Grid; || Orange and Rockland Utilities, Inc.; || Rochester Gas and Electric Corporation; || The Brooklyn Union Gas Company d/b/a National Grid NY;",Commercial/Industrial - Serving
"BluCo Energy, LLC","488 Madison Avenue 23rd Floor, New York, NY 10022",877-662-5826,646-357-9703,cs@TarsierEnerrgy.com,http://www.TarsierEnergy.com,ELECTRIC,,Small Commercial - Serving
Brookfield Renewable,"200 Liberty Street, 14th Floor, New York, NY 10281",888-561-5551,646-992-2470,solutions@brookfieldrenewable.com,https://renewableops.brookfield.com/en/presence/northamerica/solutions,ELECTRIC,,Commercial/Industrial - Certified - Not Serving || Small Commercial - Serving
"Brown's Energy Services, LLC","9 Sommers Lane - 2nd Floor, Staten Island, NY 10314",855-276-9673,(718) 981-4347,michaelp@brownsfuel.com,http://www.brownsfuel.com,ELECTRIC,"Central Hudson Gas & Electric Corporation; || Consolidated Edison Company of New York, Inc.; || New York State Electric & Gas Corporation; || Niagara Mohawk Power Corporation d/b/a National Grid; || Orange and Rockland Utilities, Inc.; || Rochester Gas and Electric Corporation;",Commercial/Industrial - Serving || Residential - Serving || Small Commercial - Serving
"Brown's Fuel Service, LLC","9 Sommers Lane - 2nd Floor, Staten Island, NY 10314",855-276-9673,(718) 981-4347,michaelp@brownsfuel.com,http://www.brownsfuel.com,GAS,"Central Hudson Gas & Electric Corporation; || Consolidated Edison Company of New York, Inc.; || KeySpan Gas East Corporation d/b/a National Grid; || Niagara Mohawk Power Corporation d/b/a National Grid; || Orange and Rockland Utilities, Inc.; || Rochester Gas and Electric Corporation; || The Brooklyn Union Gas Company d/b/a National Grid NY;",Residential - Serving || Small Commercial - Serving
"Buy Energy Direct, LLC","2124 East 22nd St., Brooklyn, NY 11229",(212) 680-4253,1-800-915-0446,vlad@buyenergydirect.org,http://www.buyenergydirect.org,ELECTRIC,"Consolidated Edison Company of New York, Inc.; || KeySpan Gas East Corporation d/b/a National Grid;",Commercial/Industrial - Serving || Residential - Serving || Small Commercial - Serving
"Calpine Community Energy, LLC","401 West A Street, Suite 600, San Diego, CA 92101",619-684-8000,619-684-8380,CSJAsupport@calpinesolutions.com,https://cca.calpinesolutions.com,ELECTRIC,Central Hudson Gas & Electric Corporation; || New York State Electric & Gas Corporation;,Commercial/Industrial - Certified - Not Serving || Residential - Certified - Not Serving || Small Commercial - Certified - Not Serving
Calpine Energy Solutions LLC,"401 West A Street, Suite 500, San Diego, CA 92101",619-684-8000,619-684-8355,CSAccountAnalysts@calpinesolutions.com,http://Calpinesolutions.com,ELECTRIC,"Central Hudson Gas & Electric Corporation; || Consolidated Edison Company of New York, Inc.; || Long Island Power Authority; || New York State Electric & Gas Corporation; || Niagara Mohawk Power Corporation d/b/a National Grid; || Orange and Rockland Utilities, Inc.; || Rochester Gas and Electric Corporation;",Commercial/Industrial - Certified - Not Serving
Catalyst Power,"6161 Savoy Drive, Suite 500, Houston, TX 77036",866-715-7889,888-456-2085,csny@apge.com,http://www.apge.com,ELECTRIC,"Central Hudson Gas & Electric Corporation; || Consolidated Edison Company of New York, Inc.; || New York State Electric & Gas Corporation; || Niagara Mohawk Power Corporation d/b/a National Grid; || Orange and Rockland Utilities, Inc.;",Commercial/Industrial - Serving
Catalyst Power,"600 Franklin Ave #268, Garden City, NY 11530",716-631-1517,516-252-1275,customercare@catalystpower.com,http://www.USEPelectric.com,ELECTRIC,New York State Electric & Gas Corporation; || Niagara Mohawk Power Corporation d/b/a National Grid; || Rochester Gas and Electric Corporation;,Commercial/Industrial - Serving || Residential - Serving || Small Commercial - Serving
"Champion Energy Services, LLC","1500 Rankin Rd., Suite 200, Houston, TX 77073",877-653-5090,281-653-5080,support@championenergyservices.com,http://www.championenergyservices.com,ELECTRIC,"Central Hudson Gas & Electric Corporation; || Consolidated Edison Company of New York, Inc.; || New York State Electric & Gas Corporation; || Niagara Mohawk Power Corporation d/b/a National Grid; || Orange and Rockland Utilities, Inc.; || Rochester Gas and Electric Corporation;",Commercial/Industrial - Serving || Residential - Certified - Not Serving || Small Commercial - Serving
"Chautauqua Energy Management, Inc.","8850 West Route 20, Westfield, NY 14787",(716) 326-4977,(716) 326-4970,bknipe@cemny.com,http://www.cemny.com,GAS,National Fuel Gas Distribution Corporation;,Small Commercial - Serving
"Chief Energy Gas, LLC","90 Mcclean Ave, Staten Island, NY 10305",(718) 816-4535,(347) 287-0119,info@chiefenergy.com,http://www.chiefenergy.com,GAS,"Consolidated Edison Company of New York, Inc.; || KeySpan Gas East Corporation d/b/a National Grid; || Orange and Rockland Utilities, Inc.; || The Brooklyn Union Gas Company d/b/a National Grid NY;",Residential - Serving || Small Commercial - Serving
"Chief Energy Power, LLC","90 McClean Ave, Staten Island, NY 10305",718-816-4535,347-287-0119,info@chiefenergy.com,http://www.chiefenergy.com,ELECTRIC,"Consolidated Edison Company of New York, Inc.; || Niagara Mohawk Power Corporation d/b/a National Grid; || Orange and Rockland Utilities, Inc.;",Commercial/Industrial - Serving || Residential - Serving || Small Commercial - Serving
Cirro Energy,"3711 Market Street, Suite 1000, Philadelphia, PA 19104",866-698-0937,800-520-8189,NYSupport@independenceenergyco.com,http://www.cirroenergy.com,ELECTRIC,"Consolidated Edison Company of New York, Inc.; || Orange and Rockland Utilities, Inc.;",Commercial/Industrial - Serving || Residential - Serving || Small Commercial - Certified - Not Serving
"Citizens Choice Energy, LLC dba AmeriChoice Energy","172 West Englewood Avenue, Teaneck, NJ 07666",(201) 715-5179,(973) 438-1029,contactus@citizenschoiceenergy.com,http://www.citizenschoiceenergy.com/,ELECTRIC,"Central Hudson Gas & Electric Corporation; || Consolidated Edison Company of New York, Inc.; || KeySpan Gas East Corporation d/b/a National Grid; || National Fuel Gas Distribution Corporation; || New York State Electric & Gas Corporation; || Niagara Mohawk Power Corporation d/b/a National Grid; || Orange and Rockland Utilities, Inc.; || Rochester Gas and Electric Corporation; || The Brooklyn Union Gas Company d/b/a National Grid NY;",Residential - Certified - Not Serving || Residential - Serving || Small Commercial - Serving
"City Power & Gas, LLC","261 South Main Street, Suite 329, Newtown, CT 06470",877-518-9339,212-937-1922,customerservice@citypowerandgas.com,http://www.citypowerandgas.com,ELECTRIC,"Central Hudson Gas & Electric Corporation; || Consolidated Edison Company of New York, Inc.; || KeySpan Gas East Corporation d/b/a National Grid; || New York State Electric & Gas Corporation; || Niagara Mohawk Power Corporation d/b/a National Grid; || Orange and Rockland Utilities, Inc.; || Rochester Gas and Electric Corporation; || The Brooklyn Union Gas Company d/b/a National Grid NY;",Commercial/Industrial - Certified - Not Serving || Residential - Serving || Small Commercial - Serving
"Clean Choice Energy, Inc.","1055 Thomas Jefferson St. NW Suite 650, Washington, DC 20007",202-248-9900,202-448-2128,customercare@cleanchoiceenergy.com,https://cleanchoiceenergy.com/go/nyshopper,ELECTRIC,"Central Hudson Gas & Electric Corporation; || Consolidated Edison Company of New York, Inc.; || Long Island Power Authority; || New York State Electric & Gas Corporation; || Niagara Mohawk Power Corporation d/b/a National Grid; || Orange and Rockland Utilities, Inc.; || Rochester Gas and Electric Corporation;",Residential - Serving || Small Commercial - Serving
Clear Green Energy LLC,"483 Murray Street, Pelham, NY 10803",888-212-1880,919-899-9072,info@cleargreenenergyus.com,http://www.cleargreenenergyus.com,ELECTRIC,,Commercial/Industrial - Certified - Not Serving || Residential - Certified - Not Serving || Small Commercial - Certified - Not Serving
Clearview Energy,"901 Main Street Suite 4700, Dallas, TX 75202",972-546-9990,(972) 546-9991,customerservice@clearviewenergy.com,http://www.clearviewenergy.com,ELECTRIC,"Central Hudson Gas & Electric Corporation; || Consolidated Edison Company of New York, Inc.; || KeySpan Gas East Corporation d/b/a National Grid; || New York State Electric & Gas Corporation; || Niagara Mohawk Power Corporation d/b/a National Grid; || Orange and Rockland Utilities, Inc.; || Rochester Gas and Electric Corporation;",Commercial/Industrial - Serving || Residential - Serving || Small Commercial - Serving
"Colonial Energy, Inc.","3975 Fair Ridge Drive, Suite T 10 North, Fairfax, VA 22033-2924",(703) 218-2451,703-218-3059,customercare@colonialenergy.com,http://www.colonialenergy.com,GAS,"Consolidated Edison Company of New York, Inc.; || KeySpan Gas East Corporation d/b/a National Grid; || Orange and Rockland Utilities, Inc.; || The Brooklyn Union Gas Company d/b/a National Grid NY;",Commercial/Industrial - Serving
"Columbia Utilities Power, LLC","8751 18th Avenue, Brooklyn, NY 11214",877-726-5862,(718) 851-2427,CustomerService@ColumbiaUtilities.com,http://www.columbiautilities.com,ELECTRIC,"Central Hudson Gas & Electric Corporation; || Consolidated Edison Company of New York, Inc.; || New York State Electric & Gas Corporation; || Niagara Mohawk Power Corporation d/b/a National Grid; || Orange and Rockland Utilities, Inc.; || Rochester Gas and Electric Corporation;",Commercial/Industrial - Serving || Residential - Serving || Small Commercial - Serving
"Columbia Utilities, LLC","8751 18th Avenue, Brooklyn, NY 11214",718-851-6655 ext.8,(718) 851-2427,CustomerService@ColumbiaUtilities.com,http://www.columbiautilities.com,GAS,"Central Hudson Gas & Electric Corporation; || Consolidated Edison Company of New York, Inc.; || KeySpan Gas East Corporation d/b/a National Grid; || National Fuel Gas Distribution Corporation; || New York State Electric & Gas Corporation; || Niagara Mohawk Power Corporation d/b/a National Grid; || Orange and Rockland Utilities, Inc.; || Rochester Gas and Electric Corporation; || The Brooklyn Union Gas Company d/b/a National Grid NY;",Commercial/Industrial - Serving || Residential - Serving || Small Commercial - Serving
"Consolidated Power Co., LLC","450 7th Avenue, Suite 1502, New York, NY 10123",212-563-1191,212-268-1624,office@consolidatedpowerllc.com,http://www.consolidatedpowerllc.com,ELECTRIC,"Consolidated Edison Company of New York, Inc.;",Residential - Certified - Not Serving || Small Commercial - Serving
"Constellation NewEnergy - Gas Division, LLC","9400 Bunsen Parkway, Suite 100, Louisville, KY 40220",(502) 426-4500,(502) 426-8800,home@constellation.com,https://www.constellation.com/rateboard,GAS,"Central Hudson Gas & Electric Corporation; || Consolidated Edison Company of New York, Inc.; || KeySpan Gas East Corporation d/b/a National Grid; || National Fuel Gas Distribution Corporation; || New York State Electric & Gas Corporation; || Niagara Mohawk Power Corporation d/b/a National Grid; || Orange and Rockland Utilities, Inc.; || Rochester Gas and Electric Corporation;",Residential - Certified - Not Serving || Small Commercial - Serving
"Constellation NewEnergy, Inc.","1310 Point Street, Baltimore, MD 21231",855-465-1244,,home@constellation.com,https://www.constellation.com/rateboard,ELECTRIC,"Central Hudson Gas & Electric Corporation; || Consolidated Edison Company of New York, Inc.; || Long Island Power Authority; || New York State Electric & Gas Corporation; || Niagara Mohawk Power Corporation d/b/a National Grid; || Orange and Rockland Utilities, Inc.; || Rochester Gas and Electric Corporation;",Residential - Serving || Small Commercial - Serving
"DTE Energy Trading, Inc.","One Energy Plaza, 400 WCB, Detroit, MI 48226",313-235-4000,(734) 887-2235,,http://www.dteenergytrading.com,GAS,New York State Electric & Gas Corporation; || Rochester Gas and Electric Corporation;,Commercial/Industrial - Serving
"David Energy Supply, LLC","417 Grand Street, Unit 1, Brooklyn, NY 11211",914-909-3940,,info@davidenergy.com,http://www.davidenergy.com,ELECTRIC,"Central Hudson Gas & Electric Corporation; || Consolidated Edison Company of New York, Inc.;",Commercial/Industrial - Serving || Residential - Serving || Small Commercial - Serving
"Direct Energy Services, LLC","910 Louisiana St., Houston, TX 77002",713-537-3000,(800) 457-9686,csdirectenergy@nrg.com,https://www.directenergy.com,ELECTRIC,"Central Hudson Gas & Electric Corporation; || Consolidated Edison Company of New York, Inc.; || KeySpan Gas East Corporation d/b/a National Grid; || National Fuel Gas Distribution Corporation; || New York State Electric & Gas Corporation; || Niagara Mohawk Power Corporation d/b/a National Grid; || Orange and Rockland Utilities, Inc.; || Rochester Gas and Electric Corporation; || The Brooklyn Union Gas Company d/b/a National Grid NY;",Residential - Serving
"Discount Power, Inc.","6 Armstrong Rd., Shelton, CT 06484",203-929-3200,203-951-0965,customerservice@discountpowerinc.com,http://www.discountpowerinc.com,ELECTRIC,,Commercial/Industrial - Certified - Not Serving
Dual Fuel Energy Corp.,"32 Cortlandt Street, Mt Vernon, NY 10550",347-669-2427,914-462-3313,saveenergy@dualfuelcorp.com,http://www.dualfuelcorp.com,ELECTRIC,"Consolidated Edison Company of New York, Inc.;",Commercial/Industrial - Serving
ELECTREE LLC,"915 8th Street 206, Miami Beach, FL 33139",646-235-0251,,info@electreenyc.com,http://www.electreenyc.com,ELECTRIC,,Commercial/Industrial - Certified - Not Serving || Residential - Certified - Not Serving || Small Commercial - Certified - Not Serving
ENGIE Resources LLC,"1360 Post Oak Boulevard, Suite 400, Houston, TX 77056",866-693-6443,N/A,care@engieresources.com,http://www.engieresources.com,ELECTRIC,"Central Hudson Gas & Electric Corporation; || Consolidated Edison Company of New York, Inc.; || National Fuel Gas Distribution Corporation; || New York State Electric & Gas Corporation; || Niagara Mohawk Power Corporation d/b/a National Grid; || Orange and Rockland Utilities, Inc.; || Rochester Gas and Electric Corporation; || St. Lawrence Gas Company, Inc.; || The Brooklyn Union Gas Company d/b/a National Grid NY;",Commercial/Industrial - Serving
"Eagle Power Authority, Inc.","304 Whittier St., Bronx, NY 10474",917-289-0772,215-359-1533,sales@eaglepower.com,http://www.eaglepower.com,ELECTRIC,"Consolidated Edison Company of New York, Inc.;",Commercial/Industrial - Serving
"Eligo Energy NY, LLC","201 West Lake Street, Suite 151, Chicago, IL 60606",888-744-8125,,customerservice@eligoenergy.com,https://www.eligoenergy.com/signup/standard_residential?lead%5bpartner_code%5D=rateboard,ELECTRIC,"Central Hudson Gas & Electric Corporation; || Consolidated Edison Company of New York, Inc.; || KeySpan Gas East Corporation d/b/a National Grid; || New York State Electric & Gas Corporation; || Niagara Mohawk Power Corporation d/b/a National Grid; || Orange and Rockland Utilities, Inc.; || Rochester Gas and Electric Corporation;",Commercial/Industrial - Serving || Residential - Serving || Small Commercial - Serving
Empire Natural Gas Corporation,"173 Airport Road, Greene, NY 13778",(607) 656-7851,(607) 656-7854,supplierquotes@empirenatgas.com,http://www.empirenaturalgas.com,ELECTRIC,"Corning Natural Gas Corporation; || National Fuel Gas Distribution Corporation; || New York State Electric & Gas Corporation; || Niagara Mohawk Power Corporation d/b/a National Grid; || Rochester Gas and Electric Corporation; || St. Lawrence Gas Company, Inc.;",Small Commercial - Serving
Energo Power & Gas LLC,"100 Elwood Davis Road Suite 2G, Syracuse, NY 13212",718-435-2200,718-435-3096,regulatory@energo.com,http://www.energo.com,ELECTRIC,"Central Hudson Gas & Electric Corporation; || Consolidated Edison Company of New York, Inc.; || KeySpan Gas East Corporation d/b/a National Grid; || National Fuel Gas Distribution Corporation; || New York State Electric & Gas Corporation; || Niagara Mohawk Power Corporation d/b/a National Grid; || Orange and Rockland Utilities, Inc.; || Rochester Gas and Electric Corporation; || The Brooklyn Union Gas Company d/b/a National Grid NY;",Commercial/Industrial - Serving || Residential - Serving || Small Commercial - Serving
Energy Cooperative of New York,"1408 Sweet Home Road, Suite 8, Amherst, NY 14228",716-580-3506,716-932-7337,info@ecamerica.org,http://www.ecamerica.org,ELECTRIC,"Consolidated Edison Company of New York, Inc.; || National Fuel Gas Distribution Corporation; || New York State Electric & Gas Corporation; || Niagara Mohawk Power Corporation d/b/a National Grid; || Rochester Gas and Electric Corporation;",Commercial/Industrial - Serving || Residential - Serving || Small Commercial - Serving
Energy Plus Holdings LLC,"3711 Market Street, Suite 1000, Philadelphia, PA 19104",877-320-0356,800-520-8189,NYSupport@energypluscompany.com,http://www.energypluscompany.com,ELECTRIC,"Central Hudson Gas & Electric Corporation; || Consolidated Edison Company of New York, Inc.; || New York State Electric & Gas Corporation; || Niagara Mohawk Power Corporation d/b/a National Grid; || Orange and Rockland Utilities, Inc.; || Rochester Gas and Electric Corporation;",Commercial/Industrial - Serving || Residential - Serving || Small Commercial - Serving
"Energy Plus Natural Gas, LLC","3711 Market Street, Suite 1000, Philadelphia, PA 19104",877-320-0356,(800) 520-8189,NYSupport@energypluscompany.com,http://www.energypluscompany.com,GAS,"Central Hudson Gas & Electric Corporation; || Consolidated Edison Company of New York, Inc.; || KeySpan Gas East Corporation d/b/a National Grid; || National Fuel Gas Distribution Corporation; || New York State Electric & Gas Corporation; || Niagara Mohawk Power Corporation d/b/a National Grid; || Orange and Rockland Utilities, Inc.; || Rochester Gas and Electric Corporation; || The Brooklyn Union Gas Company d/b/a National Grid NY;",Commercial/Industrial - Serving
Energy Rewards,"6555 Sierra Drive, Irving, TX 75039",203-663-5089,855-722-1039,support@energyrewards.com,http://www.myeverydayenergy.com./,ELECTRIC,"Central Hudson Gas & Electric Corporation; || Consolidated Edison Company of New York, Inc.; || KeySpan Gas East Corporation d/b/a National Grid; || National Fuel Gas Distribution Corporation; || New York State Electric & Gas Corporation; || Niagara Mohawk Power Corporation d/b/a National Grid; || Orange and Rockland Utilities, Inc.; || Rochester Gas and Electric Corporation;",Residential - Serving || Small Commercial - Serving
"Energy Services Providers, LLC DBA New York Gas & Electric (16414EN)","6555 Sierra Dr., Irving, TX 75039",214-812-4600,,CustomerService@usgandE.com,https://www.nygande.com/?rfid=PUC_New_York,ELECTRIC,"Central Hudson Gas & Electric Corporation; || Consolidated Edison Company of New York, Inc.; || New York State Electric & Gas Corporation; || Niagara Mohawk Power Corporation d/b/a National Grid; || Orange and Rockland Utilities, Inc.; || Rochester Gas and Electric Corporation;",Commercial/Industrial - Serving || Residential - Serving || Small Commercial - Serving
"Energy Solutions Company, LLC","78 Rapelye Street, Brooklyn, NY 11231",877-494-3726,212-810-4720,Mike@energysolutions360.com,http://www.energysolutions360.com,GAS,"Consolidated Edison Company of New York, Inc.; || KeySpan Gas East Corporation d/b/a National Grid; || The Brooklyn Union Gas Company d/b/a National Grid NY;",Commercial/Industrial - Serving
"EnergyMark, LLC","6653 Main Street, Williamsville, NY 14221",(716) 632-1800,(716) 632-1818,customersupport@energymarkllc.com,http://www.energymarkllc.com,ELECTRIC,"Corning Natural Gas Corporation; || National Fuel Gas Distribution Corporation; || New York State Electric & Gas Corporation; || Niagara Mohawk Power Corporation d/b/a National Grid; || Rochester Gas and Electric Corporation; || St. Lawrence Gas Company, Inc.;",Commercial/Industrial - Serving || Residential - Serving || Small Commercial - Serving
Engie Power & Gas LLC,"920 Railroad Avenue, Woodmere, NY 11598",855-327-6937,(516) 295-1417,epg.customercare@engie.com,http://www.engiepowerandgas.com,ELECTRIC,"Central Hudson Gas & Electric Corporation; || Consolidated Edison Company of New York, Inc.; || KeySpan Gas East Corporation d/b/a National Grid; || National Fuel Gas Distribution Corporation; || New York State Electric & Gas Corporation; || Niagara Mohawk Power Corporation d/b/a National Grid; || Orange and Rockland Utilities, Inc.; || Rochester Gas and Electric Corporation;",Commercial/Industrial - Serving
"Entergy Solutions, LLC","2001 Timberloch Place, Suite 1 North, The Woodlands, TX 77380",(877) 566-8080,832-442-5959,cgedeme@entergy.com,,ELECTRIC,"Central Hudson Gas & Electric Corporation; || Consolidated Edison Company of New York, Inc.; || New York State Electric & Gas Corporation; || Niagara Mohawk Power Corporation d/b/a National Grid; || Orange and Rockland Utilities, Inc.; || Rochester Gas and Electric Corporation;",Small Commercial - Serving
"Entrust Energy East, Inc.","1301 McKinney, Suite 2950, Houston, TX 77010",888-521-5861,713-338-2602,contactus@entrustenergy.com,http://www.entrustenergy.com,ELECTRIC,"Central Hudson Gas & Electric Corporation; || Consolidated Edison Company of New York, Inc.; || New York State Electric & Gas Corporation; || Niagara Mohawk Power Corporation d/b/a National Grid; || Orange and Rockland Utilities, Inc.; || Rochester Gas and Electric Corporation;",Commercial/Industrial - Serving
"Falcon Energy, LLC.","920 Railroad Avenue, Woodmere, NY 11598",516-734-0408,516-295-1417,customercare@plymouthenergy.com,http://plymouthenergy.com,GAS,KeySpan Gas East Corporation d/b/a National Grid; || The Brooklyn Union Gas Company d/b/a National Grid NY;,Small Commercial - Serving
"Family Energy, Inc. d/b/a MYRATE ENERGY","100 Milverton Drive, Suite 608, Mississauga Canada, ON L5R 4H1",888-472-1085,(866)991-4323,cs@yourfamilyenergy.com,http://www.yourfamilyenergy.com,ELECTRIC,"Central Hudson Gas & Electric Corporation; || Consolidated Edison Company of New York, Inc.; || KeySpan Gas East Corporation d/b/a National Grid; || National Fuel Gas Distribution Corporation; || New York State Electric & Gas Corporation; || Niagara Mohawk Power Corporation d/b/a National Grid; || Orange and Rockland Utilities, Inc.; || Rochester Gas and Electric Corporation; || The Brooklyn Union Gas Company d/b/a National Grid NY;",Commercial/Industrial - Serving || Residential - Serving || Small Commercial - Serving
"First Choice Energy, LLC","78 Rapelye Street, Brooklyn, NY 11231",718-836-9222,718-643-6356,customersupport@myfirstchoiceenergy.com,http://www.fcenergyinc.com,ELECTRIC,"Consolidated Edison Company of New York, Inc.; || KeySpan Gas East Corporation d/b/a National Grid; || Niagara Mohawk Power Corporation d/b/a National Grid; || The Brooklyn Union Gas Company d/b/a National Grid NY;",Commercial/Industrial - Serving || Residential - Serving || Small Commercial - Serving
Freepoint Energy Solutions LLC,"3050 Post Oak Blvd. Ste. 1330, Houston, TX 77056",713 239 8000,713 583 9087,customerrelations@freepointsolutions.com,http://freepointsolutions.com/,ELECTRIC,"Central Hudson Gas & Electric Corporation; || Consolidated Edison Company of New York, Inc.; || New York State Electric & Gas Corporation; || Niagara Mohawk Power Corporation d/b/a National Grid; || Orange and Rockland Utilities, Inc.; || Rochester Gas and Electric Corporation;",Commercial/Industrial - Serving
Galaxy Energy LLC,"420 Central Ave, 3rd Floor, Cedarhurst, NY 11516",855-666-1566,718-679-9523,cs@galaxyenergyus.com,http://galaxyenergyus.com,ELECTRIC,"Consolidated Edison Company of New York, Inc.; || Orange and Rockland Utilities, Inc.;",Residential - Serving || Small Commercial - Serving
Gateway Energy Services Corp,"910 Louisiana St., Houston, TX 77002",713-537-3000,877-326-6810,customercare@gesc.com,http://www.gesc.com,ELECTRIC,"Central Hudson Gas & Electric Corporation; || Consolidated Edison Company of New York, Inc.; || Corning Natural Gas Corporation; || KeySpan Gas East Corporation d/b/a National Grid; || National Fuel Gas Distribution Corporation; || New York State Electric & Gas Corporation; || Niagara Mohawk Power Corporation d/b/a National Grid; || Orange and Rockland Utilities, Inc.; || Rochester Gas and Electric Corporation; || The Brooklyn Union Gas Company d/b/a National Grid NY;",Commercial/Industrial - Serving || Residential - Serving || Small Commercial - Serving
"Global Energy, LLC d/b/a NYC Clean Energy","214 Saint Paul St. Ste. #1, Westfield, NJ 07090",718-303-9630,718-408-4923,info@globalenergyllc.net,http://www.globalenergyllc.net,ELECTRIC,"Consolidated Edison Company of New York, Inc.; || KeySpan Gas East Corporation d/b/a National Grid; || The Brooklyn Union Gas Company d/b/a National Grid NY;",Commercial/Industrial - Serving
"Great American Gas & Electric, LLC","550 Mamaroneck Ave, Suite 305 A, Harrison, NY 10528",1-866-269-9393,,support@ga-ge.com,http://www.ga-ge.com,ELECTRIC,"Central Hudson Gas & Electric Corporation; || Consolidated Edison Company of New York, Inc.; || KeySpan Gas East Corporation d/b/a National Grid; || National Fuel Gas Distribution Corporation; || New York State Electric & Gas Corporation; || Niagara Mohawk Power Corporation d/b/a National Grid; || Orange and Rockland Utilities, Inc.; || Rochester Gas and Electric Corporation; || The Brooklyn Union Gas Company d/b/a National Grid NY;",Residential - Certified - Not Serving || Residential - Serving || Small Commercial - Certified - Not Serving || Small Commercial - Serving
Green Mountain Energy Company,"3711 Market Street, Suite 1000, Philadelphia, PA 19104",855-534-4620,,NYCustomerCare@greenmountain.com,https://www.greenmountainenergy.com/nyptc/,ELECTRIC,"Central Hudson Gas & Electric Corporation; || Consolidated Edison Company of New York, Inc.; || KeySpan Gas East Corporation d/b/a National Grid; || New York State Electric & Gas Corporation; || Niagara Mohawk Power Corporation d/b/a National Grid; || Orange and Rockland Utilities, Inc.; || Rochester Gas and Electric Corporation; || The Brooklyn Union Gas Company d/b/a National Grid NY;",Commercial/Industrial - Serving || Residential - Serving || Small Commercial - Serving
"Green USA, LLC","20900 NE 30th Ave., Suite 200, Avntura, FL 33180",888-612-2624,,customerservices@greenusaenergy.com,http://www.greenusaenergy.com,ELECTRIC,,Commercial/Industrial - Certified - Not Serving || Residential - Certified - Not Serving || Small Commercial - Certified - Not Serving
Greenlight Energy Inc.,"310 New York Ave., Huntington, NY 11706",(888) 453-4427,718-575-1400,sales@gogreenlightenergy.com,http://www.gogreenlightenergy.com,ELECTRIC,"Consolidated Edison Company of New York, Inc.; || KeySpan Gas East Corporation d/b/a National Grid; || New York State Electric & Gas Corporation; || Niagara Mohawk Power Corporation d/b/a National Grid; || Orange and Rockland Utilities, Inc.; || Rochester Gas and Electric Corporation; || The Brooklyn Union Gas Company d/b/a National Grid NY;",Residential - Serving || Small Commercial - Serving
"Grid Power Direct, LLC","1 Metrotech Center North, Brooklyn, NY 11201",347-799-1685,347-799-1686,info@gridpowerdirect.com,https://www.gridpowerdirect.com/,ELECTRIC,"Central Hudson Gas & Electric Corporation; || Consolidated Edison Company of New York, Inc.; || Long Island Power Authority; || New York State Electric & Gas Corporation; || Niagara Mohawk Power Corporation d/b/a National Grid; || Orange and Rockland Utilities, Inc.; || Rochester Gas and Electric Corporation;",Commercial/Industrial - Serving
"Hudson Energy Services, LLC","5251 Westheimer Road, Suite 1000, Houston, TX 77056",(845) 228-3400,877-832-4279,CSNY@hudsonenergy.net,http://www.hudsonenergy.net,ELECTRIC,"Central Hudson Gas & Electric Corporation; || Consolidated Edison Company of New York, Inc.; || KeySpan Gas East Corporation d/b/a National Grid; || National Fuel Gas Distribution Corporation; || New York State Electric & Gas Corporation; || Niagara Mohawk Power Corporation d/b/a National Grid; || Orange and Rockland Utilities, Inc.; || Rochester Gas and Electric Corporation; || The Brooklyn Union Gas Company d/b/a National Grid NY;",Commercial/Industrial - Serving || Residential - Serving || Small Commercial - Serving
"IDT Energy, Inc.","520 Broad Street, Newark, NJ 07102",973-438-3920,973-438-1878,contactus@idtenergy.com,http://www.idtenergy.com,ELECTRIC,"Central Hudson Gas & Electric Corporation; || Consolidated Edison Company of New York, Inc.; || KeySpan Gas East Corporation d/b/a National Grid; || National Fuel Gas Distribution Corporation; || New York State Electric & Gas Corporation; || Niagara Mohawk Power Corporation d/b/a National Grid; || Orange and Rockland Utilities, Inc.; || Rochester Gas and Electric Corporation; || The Brooklyn Union Gas Company d/b/a National Grid NY;",Commercial/Industrial - Serving || Residential - Serving || Small Commercial - Serving
IGS Energy,"6100 Emerald Parkway, Dublin, OH 43016",(614) 659-5000,(614) 659-5073,customersupport@igs.com,http://www.igs.com,GAS,"Central Hudson Gas & Electric Corporation; || Consolidated Edison Company of New York, Inc.; || National Fuel Gas Distribution Corporation; || Niagara Mohawk Power Corporation d/b/a National Grid; || Orange and Rockland Utilities, Inc.;",Residential - Serving || Small Commercial - Serving
"Inspire Energy Holdings, LLC","3402 Pico Blvd., Ste. 300, Santa Monica, CA 90405",888-461-2574,866-559-7236,help@inspirecleanenergy.com,https://www.inspirecleanenergy.com,ELECTRIC,"Central Hudson Gas & Electric Corporation; || Consolidated Edison Company of New York, Inc.; || New York State Electric & Gas Corporation; || Niagara Mohawk Power Corporation d/b/a National Grid; || Orange and Rockland Utilities, Inc.; || Rochester Gas and Electric Corporation;",Residential - Serving || Small Commercial - Serving
"Institutional Energy Buyers of New York, LLC","1408 Sweet Home Road Ste. 8, Amherst, NY 14228",716-471-9100,716-932-7337,jmascaro@iebnewyork.com,http://www.iebnewyork.com,ELECTRIC,"Consolidated Edison Company of New York, Inc.; || New York State Electric & Gas Corporation; || Niagara Mohawk Power Corporation d/b/a National Grid; || Rochester Gas and Electric Corporation;",Commercial/Industrial - Serving
"Iridium Energy, LLC","420 Central Ave, 3rd Floor, Cedarhurst, NY 11516",718-490-2806,718-679-9523,aesses@gmail.com,https://www.iridiumenergyus.com/,ELECTRIC,"Consolidated Edison Company of New York, Inc.;",Small Commercial - Serving
Just Energy,"5251 Westheimer Road, Suite 1000, Houston, TX 77056",714-259-2508,866-299-3749,cseast@justenergy.com,http://www.justenergy.com,ELECTRIC,"Central Hudson Gas & Electric Corporation; || Consolidated Edison Company of New York, Inc.; || KeySpan Gas East Corporation d/b/a National Grid; || Long Island Power Authority; || National Fuel Gas Distribution Corporation; || New York State Electric & Gas Corporation; || Niagara Mohawk Power Corporation d/b/a National Grid; || Orange and Rockland Utilities, Inc.; || Rochester Gas and Electric Corporation; || The Brooklyn Union Gas Company d/b/a National Grid NY;",Residential - Serving || Small Commercial - Serving
Keyspan Energy of Long Island,,,,,,ELECTRIC,,Residential - Serving || Small Commercial - Serving
Keyspan Energy of New York,,,,,,ELECTRIC,,Residential - Serving || Small Commercial - Serving
"Kiwi Energy NY, LLC.","200 Park Avenue South, Suite 1301, New York, NY 10003",877-208-7636,713-265-2175,info@kiwienergy.us,http://www.kiwienergy.us,ELECTRIC,"Central Hudson Gas & Electric Corporation; || Consolidated Edison Company of New York, Inc.; || KeySpan Gas East Corporation d/b/a National Grid; || National Fuel Gas Distribution Corporation; || New York State Electric & Gas Corporation; || Niagara Mohawk Power Corporation d/b/a National Grid; || Orange and Rockland Utilities, Inc.; || Rochester Gas and Electric Corporation; || The Brooklyn Union Gas Company d/b/a National Grid NY;",Commercial/Industrial - Serving || Residential - Serving || Small Commercial - Serving
Logical Buildings,"290 W. Mt. Pleasant Avenue, Suite 1360, Livingston, NJ 07039",908-517-3730,908-277-2367,info@logicalbuildings.com,http://www.logicalbuildings.com,ELECTRIC,"Consolidated Edison Company of New York, Inc.;",Residential - Serving || Small Commercial - Serving
Logistic Energy LLC,"5536 Lanier Ave., Camp Springs, MD 20746",301-996-1157,,logisticenergy@yahoo.com,http://logisticenergyllc.com/,ELECTRIC,"Consolidated Edison Company of New York, Inc.;",Residential - Certified - Not Serving || Small Commercial - Serving
"Lyonsdale Biomass, LLC","159 Wolf Road, Suite 301, Albany, NY 12205",518-810-0200,518-640-9323,nhebel@reenergyholdings.com,http://www.reenergyholdings.com,ELECTRIC,Niagara Mohawk Power Corporation d/b/a National Grid;,Commercial/Industrial - Serving
M&R Energy Resources Corporation,"PO Box 4091, New Windsor, NY 12553",845-534-5462,845-534-0171,info@mandrenergy.com,http://www.mandrenergy.com,ELECTRIC,"Central Hudson Gas & Electric Corporation; || New York State Electric & Gas Corporation; || Orange and Rockland Utilities, Inc.;",Residential - Serving || Small Commercial - Serving
"Main Care Energy, Inc.","1 Booth Lane, Albany, NY 12205",518-438-7856,518-436-2578,customercare@maincareenergy.com,http://www.maincareenergy.com,GAS,Niagara Mohawk Power Corporation d/b/a National Grid;,Residential - Serving || Small Commercial - Serving
"Major Energy Electric Services, LLC","12140 Wickchester Ln, Suite 100, Houston, TX 77079",888-625-6760,718-228-2552,customercare@majorenergy.com,http://www.MajorEnergy.com,ELECTRIC,"Central Hudson Gas & Electric Corporation; || Consolidated Edison Company of New York, Inc.; || New York State Electric & Gas Corporation; || Niagara Mohawk Power Corporation d/b/a National Grid; || Orange and Rockland Utilities, Inc.; || Rochester Gas and Electric Corporation;",Residential - Serving || Small Commercial - Serving
"Major Energy Services, LLC","12140 Wickchester Ln, Suite 100, Houston, TX 77079",888-625-6760,718-228-2552,customercare@majorenergy.com,http://www.majorenergy.com,GAS,"Central Hudson Gas & Electric Corporation; || Consolidated Edison Company of New York, Inc.; || KeySpan Gas East Corporation d/b/a National Grid; || National Fuel Gas Distribution Corporation; || New York State Electric & Gas Corporation; || Niagara Mohawk Power Corporation d/b/a National Grid; || Orange and Rockland Utilities, Inc.; || Rochester Gas and Electric Corporation; || The Brooklyn Union Gas Company d/b/a National Grid NY;",Commercial/Industrial - Serving || Residential - Serving || Small Commercial - Serving
Mayflower Power & Gas LLC,"123 Grove Avenue, Cedarhurst, NY 11516",718-855-2967,,mayflowerpgllc@gmail.com,http://www.mayflowerpg.com,ELECTRIC,KeySpan Gas East Corporation d/b/a National Grid; || The Brooklyn Union Gas Company d/b/a National Grid NY;,Commercial/Industrial - Serving || Small Commercial - Serving
Median Energy Corp.,"1 Lethbridge Plaza, Suite 2, Mahwah, NJ 07430",888-316-5443,888-225-0195,all@medianenergy.com,http://www.medianenergy.com,ELECTRIC,"Central Hudson Gas & Electric Corporation; || Consolidated Edison Company of New York, Inc.; || KeySpan Gas East Corporation d/b/a National Grid; || National Fuel Gas Distribution Corporation; || New York State Electric & Gas Corporation; || Niagara Mohawk Power Corporation d/b/a National Grid; || Orange and Rockland Utilities, Inc.; || Rochester Gas and Electric Corporation; || The Brooklyn Union Gas Company d/b/a National Grid NY;",Residential - Serving || Small Commercial - Serving
"Messer Energy Services, Inc.","1 Greenwich Street, Suite 200, Stewartsville, NJ 08886",908-329-9540,908-329-9631,,http://www.linde.com,ELECTRIC,Niagara Mohawk Power Corporation d/b/a National Grid;,Commercial/Industrial - Serving
"Mid American Natural Resources, LLC","558 West 6th Street, Suite 300, Erie, PA 16507",(814) 455-2761,(814) 455-3153,info@manrenergy.com,http://www.manrenergy.com,GAS,National Fuel Gas Distribution Corporation; || New York State Electric & Gas Corporation; || Rochester Gas and Electric Corporation;,Commercial/Industrial - Serving
"MidAmerican Energy Services, LLC","4121 NW Urbandale Dr., Urbandale, IA 50322",800-432-8574,563-333-8563,support@midamericanenergyservices.com,https://www.midamericanenergyservices.com/,ELECTRIC,"Consolidated Edison Company of New York, Inc.;",Residential - Certified - Not Serving || Small Commercial - Serving
"Mirabito Power & Gas, LLC","49 Court Street, PO Box 5306, Binghamton, NY 13902",866-614-9373,607-352-2819,MPGinfo@mirabito.com,https://www.mirabito.com,ELECTRIC,New York State Electric & Gas Corporation; || Niagara Mohawk Power Corporation d/b/a National Grid; || Rochester Gas and Electric Corporation;,Residential - Serving || Small Commercial - Serving
"Mpower Energy, LLC","24 Hillel Place, Brooklyn, NY 11210",877-286-7693,718-307-6472,save@mpowerenergy.com,http://www.mpowerenergy.com,ELECTRIC,"Central Hudson Gas & Electric Corporation; || Consolidated Edison Company of New York, Inc.; || KeySpan Gas East Corporation d/b/a National Grid; || Orange and Rockland Utilities, Inc.; || The Brooklyn Union Gas Company d/b/a National Grid NY;",Residential - Serving || Small Commercial - Serving
NRG Business,"1001 Liberty Avenue, Suite 1200, Pittsburgh, PA 15222",800-830-5923,(866) 421-0257,CustomerRelations@directenergy.com,http://www.business.directenergy.com,ELECTRIC,"Central Hudson Gas & Electric Corporation; || Consolidated Edison Company of New York, Inc.; || Long Island Power Authority; || New York State Electric & Gas Corporation; || Niagara Mohawk Power Corporation d/b/a National Grid; || Orange and Rockland Utilities, Inc.; || Rochester Gas and Electric Corporation;",Commercial/Industrial - Serving
NRG Business Marketing.,"804 Carnegie Center, Princeton, NJ 08540",800-830-5923,,clientsupport@nrg.com,,ELECTRIC,,Commercial/Industrial - Serving
"NRG Home, NRG Business and NRG Retail Solutions","3711 Market St. Suite 1000, Philadelphia, PA 19104",855-500-8703,866-472-1415,support@picknrg.com,https://www.picknrg.com/en/,ELECTRIC,"Central Hudson Gas & Electric Corporation; || Consolidated Edison Company of New York, Inc.; || Corning Natural Gas Corporation; || KeySpan Gas East Corporation d/b/a National Grid; || Long Island Power Authority; || National Fuel Gas Distribution Corporation; || New York State Electric & Gas Corporation; || Niagara Mohawk Power Corporation d/b/a National Grid; || Orange and Rockland Utilities, Inc.; || Rochester Gas and Electric Corporation; || The Brooklyn Union Gas Company d/b/a National Grid NY;",Commercial/Industrial - Serving || Residential - Serving || Small Commercial - Serving
"National Gas & Electric, LLC","12140 Wickchester, Suite 100, Houston, TX 77042",888-442-0002,346-207-3890,service@ngande.com,https://rates.ngande.com/rates/index?promocode=NYCHOICE,ELECTRIC,,Commercial/Industrial - Serving
"New Wave Energy, LLC","410 Main St., 4th Floor, Buffalo, NY 14202",7168879700,866-316-9366,support@nwavenergy.com,https://newwaveenergy.com/,ELECTRIC,National Fuel Gas Distribution Corporation; || New York State Electric & Gas Corporation; || Niagara Mohawk Power Corporation d/b/a National Grid; || Rochester Gas and Electric Corporation;,Commercial/Industrial - Serving || Residential - Serving || Small Commercial - Serving
Next Utility Energy LLC,"1325 6th Avenue, Floor 28, New York, NY 10019",888-789-6355,888-789-6355,contact@nextutilityenergy.com,http://www.nextutilityenergy.com,ELECTRIC,"Consolidated Edison Company of New York, Inc.; || KeySpan Gas East Corporation d/b/a National Grid; || Long Island Power Authority; || The Brooklyn Union Gas Company d/b/a National Grid NY;",Commercial/Industrial - Serving
"NextEra Energy Services New York, LLC","20455 State Highway 249, Suite 200, Houston, TX 77070",713-470-0445,713-401-5842,custserv@nexteraenergyservices.com,http://www.nexteraenergyservices.com,ELECTRIC,,Commercial/Industrial - Serving
"Noco Electric, LLC.","2440 Sheridan Drive, Tonawanda, NY 14150",716-614-3248,716-883-1480,questions@noco.com,http://www.noco.com,ELECTRIC,National Fuel Gas Distribution Corporation; || New York State Electric & Gas Corporation; || Niagara Mohawk Power Corporation d/b/a National Grid; || Rochester Gas and Electric Corporation;,Commercial/Industrial - Serving || Residential - Serving || Small Commercial - Serving
"Noco Natural Gas, LLC.","2440 Sheridan Drive, Tonawanda, NY 14150",716-614-3248,(716) 614-1480,questions@noco.com,http://www.noco.com,GAS,National Fuel Gas Distribution Corporation; || New York State Electric & Gas Corporation; || Niagara Mohawk Power Corporation d/b/a National Grid; || Rochester Gas and Electric Corporation;,Commercial/Industrial - Certified - Not Serving || Residential - Serving || Small Commercial - Serving
"Nordic Energy Services, LLC","One Tower Lane, Suite 300, Oakbrook Terrace, IL 60181",630-321-0888,888-370-2027,customerservice@nordicenergy-us.com,http://www.nordicenergy-us.com,ELECTRIC,"Central Hudson Gas & Electric Corporation; || Consolidated Edison Company of New York, Inc.; || Long Island Power Authority; || New York State Electric & Gas Corporation; || Niagara Mohawk Power Corporation d/b/a National Grid; || Orange and Rockland Utilities, Inc.; || Rochester Gas and Electric Corporation;",Residential - Serving || Small Commercial - Serving
"Northeastern Power and Gas, LLC","11 Covert St., Fl 2., Brooklyn, NY 11207",929-506-1026,929-296-7262,support@nepower.com,http://www.nepower.com,ELECTRIC,Central Hudson Gas & Electric Corporation;,Commercial/Industrial - Certified - Not Serving || Residential - Certified - Not Serving || Small Commercial - Certified - Not Serving
"Open Book Energy, LLC","2350 North Forest Road, Getzville, NY 14068",(716) 639-7707,(716) 639-7709,customerservice@openbookenergy.com,http://www.ecmcompany.com/,ELECTRIC,"Consolidated Edison Company of New York, Inc.;",Commercial/Industrial - Serving
"Pay Less Energy, LLC","19790 W. Dixie Hwy, Suite 1101, Aventura, FL 33180",551-777-1676,,support@paylessenergyllc.com,http://www.paylessenergyllc.com,ELECTRIC,"Central Hudson Gas & Electric Corporation; || Consolidated Edison Company of New York, Inc.; || Corning Natural Gas Corporation; || KeySpan Gas East Corporation d/b/a National Grid; || Long Island Power Authority; || National Fuel Gas Distribution Corporation; || New York State Electric & Gas Corporation; || Niagara Mohawk Power Corporation d/b/a National Grid; || Orange and Rockland Utilities, Inc.; || Rochester Gas and Electric Corporation; || St. Lawrence Gas Company, Inc.; || The Brooklyn Union Gas Company d/b/a National Grid NY;",Residential - Serving || Small Commercial - Serving
"Platinum Energy, LLC.","266 Bangor Street, Lindenhurst, NY 11757",631-691-1700,631-691-1711,accounting@1energygroup.com,http://www.1energygroup.com,ELECTRIC,"Consolidated Edison Company of New York, Inc.; || KeySpan Gas East Corporation d/b/a National Grid; || Long Island Power Authority; || The Brooklyn Union Gas Company d/b/a National Grid NY;",Commercial/Industrial - Serving || Residential - Serving || Small Commercial - Serving
Polaris Power Services LLC,"65 Ramapo Valley Rd, 103, Mahwah, NJ 07430",8453165800,,info@polarispwr.com,https://polarispwr.com/enrollment/?src=rb,ELECTRIC,"Consolidated Edison Company of New York, Inc.; || Niagara Mohawk Power Corporation d/b/a National Grid; || Orange and Rockland Utilities, Inc.;",Commercial/Industrial - Serving || Residential - Serving || Small Commercial - Serving
"Power Up Energy, LLC","991 US Highway 22 West Suite 200, Bridgewater, NJ 08807",1-866-223-9166,347-514-9910,,http://www.powerupenergyus.com,ELECTRIC,"Consolidated Edison Company of New York, Inc.;",Commercial/Industrial - Serving || Residential - Serving || Small Commercial - Serving
Premier Empire Energy LLC,"230 Park Avenue, New York, NY 10017",646-435-5866,646-349-2037,customercare@premierempireenergy.com,http://www.premierempireenergy.net,ELECTRIC,"Consolidated Edison Company of New York, Inc.;",Commercial/Industrial - Certified - Not Serving || Commercial/Industrial - Serving || Residential - Certified - Not Serving || Residential - Serving || Small Commercial - Serving
"Pro Energy, Inc.","1820 Route 20, Silver Creek, NY 14136",(716) 934-7726,(716) 934 0100,sales@proenergyusa.com,http://www.Proenregyusa.com,GAS,National Fuel Gas Distribution Corporation;,Commercial/Industrial - Serving
"Public Power, LLC","6555 Sierra Drive, Irving, TX 75039",214-812-4600,,service@ppandu.com,https://www.publicpowercompany.com/?rfid=PUC_New_York,ELECTRIC,"Central Hudson Gas & Electric Corporation; || Consolidated Edison Company of New York, Inc.; || KeySpan Gas East Corporation d/b/a National Grid; || National Fuel Gas Distribution Corporation; || New York State Electric & Gas Corporation; || Niagara Mohawk Power Corporation d/b/a National Grid; || Orange and Rockland Utilities, Inc.; || Rochester Gas and Electric Corporation; || The Brooklyn Union Gas Company d/b/a National Grid NY;",Residential - Serving || Small Commercial - Serving
Pure Energy,"3 Columbus Circle 15th Floor, NY, NY 10019",718-273-8926,,compliance@pureenergyus.com,http://www.pureeneryus.com,ELECTRIC,"Central Hudson Gas & Electric Corporation; || Consolidated Edison Company of New York, Inc.; || New York State Electric & Gas Corporation; || Orange and Rockland Utilities, Inc.; || Rochester Gas and Electric Corporation;",Commercial/Industrial - Serving || Residential - Serving || Small Commercial - Serving
Quantum Power Corp.,"95 New Dorp Plaza, Staten Island, NY 10306",212-634-7181,718-987-3395,mm@quantumpowercorp.com,http://www.quantumpowercorp.com,ELECTRIC,"Consolidated Edison Company of New York, Inc.;",Commercial/Industrial - Serving || Residential - Serving || Small Commercial - Serving
Relief Energy LLC,"483 Murray Street, Pelham, NY 10803",347-701-5381,919-981-9933,info@reliefenergyus.com,http://www.reliefenergyus.com,ELECTRIC,"Consolidated Edison Company of New York, Inc.;",Commercial/Industrial - Certified - Not Serving || Residential - Certified - Not Serving || Small Commercial - Certified - Not Serving
"Renaissance Power & Gas, Inc.","5795 Sandhill Road, Suite E, Las Vegas, NV 89120",888-811-0877,702-979-1278,customerservice@renpowerandgas.com,http://www.renaissancepowerandgas.com,ELECTRIC,"Consolidated Edison Company of New York, Inc.; || Niagara Mohawk Power Corporation d/b/a National Grid;",Residential - Serving || Small Commercial - Serving
ResidentShield Power,"201 W. Lake Street, Suite 153, Chicago, IL 60606",212-400-4832,917-522-9680,gogreen@phoenixenergygroup.com,http://www.phoenixenergygroup.com,ELECTRIC,"Consolidated Edison Company of New York, Inc.; || KeySpan Gas East Corporation d/b/a National Grid; || The Brooklyn Union Gas Company d/b/a National Grid NY;",Commercial/Industrial - Serving || Residential - Serving || Small Commercial - Serving
"Residents Energy, LLC","520 Broad Street, Newark, NJ 07102",888-828-7374,973-438-1878,Contactus@residentsenergy.com,http://www.residentsenergy.com,ELECTRIC,"Central Hudson Gas & Electric Corporation; || Consolidated Edison Company of New York, Inc.; || KeySpan Gas East Corporation d/b/a National Grid; || National Fuel Gas Distribution Corporation; || New York State Electric & Gas Corporation; || Niagara Mohawk Power Corporation d/b/a National Grid; || Orange and Rockland Utilities, Inc.; || Rochester Gas and Electric Corporation;",Commercial/Industrial - Serving || Residential - Serving || Small Commercial - Serving
"Robison Energy, LLC","99 Wall Street, Suite 655, New York, NY 10005",866-947-9148,,Service@robisonpowerandgas.com,https://www.RobisonPowerandGas.com,ELECTRIC,"Central Hudson Gas & Electric Corporation; || Consolidated Edison Company of New York, Inc.; || KeySpan Gas East Corporation d/b/a National Grid; || Orange and Rockland Utilities, Inc.; || The Brooklyn Union Gas Company d/b/a National Grid NY;",Commercial/Industrial - Serving || Residential - Serving || Small Commercial - Serving
"S.J. Energy Partners, Inc.","601 Union Street, Brooklyn, NY 11215",(718) 855-6060,(718) 855-7309,support@sjfuelco.com,http://www.sjenergypartners.com,ELECTRIC,"Consolidated Edison Company of New York, Inc.; || KeySpan Gas East Corporation d/b/a National Grid; || Long Island Power Authority; || New York State Electric & Gas Corporation; || Rochester Gas and Electric Corporation; || The Brooklyn Union Gas Company d/b/a National Grid NY;",Commercial/Industrial - Serving || Residential - Serving || Small Commercial - Serving
SelfServe Energy Corp,"217 Olmstead Hill Road, Wilton, CT 06897",858-280-0288,,customerservice@selfserve.energy,http://www.selfserve.energy,ELECTRIC,,Commercial/Industrial - Certified - Not Serving || Residential - Certified - Not Serving || Small Commercial - Certified - Not Serving
"Shell Energy North America (US), L.P.","1000 Main Street, Level 12, Houston, TX 77002",1-800-281-2824,713-230-2901,,http://www.shell.com/us/energy,ELECTRIC,"Consolidated Edison Company of New York, Inc.; || New York State Electric & Gas Corporation; || Niagara Mohawk Power Corporation d/b/a National Grid; || Rochester Gas and Electric Corporation; || St. Lawrence Gas Company, Inc.;",Commercial/Industrial - Certified - Not Serving
"Smart Energy Holdings, LLC","400 Madison Avenue, Suite 9A, New York, NY 10017",212-779-7000,212-779-3061,Customer.Service@smartenergy.com,http://www.smartenergy.com,ELECTRIC,"Central Hudson Gas & Electric Corporation; || Consolidated Edison Company of New York, Inc.; || Long Island Power Authority; || New York State Electric & Gas Corporation; || Niagara Mohawk Power Corporation d/b/a National Grid; || Orange and Rockland Utilities, Inc.; || Rochester Gas and Electric Corporation;",Commercial/Industrial - Certified - Not Serving || Residential - Certified - Not Serving || Small Commercial - Certified - Not Serving
Smartest Energy US LLC,"333 W. Washington St., Suite 140, Syracuse, NY 13202",1-800-448-0995,315-282-2707,customer-services-US@SmartestEnergy.com,http://www.SmartestEnergy.com,ELECTRIC,"Central Hudson Gas & Electric Corporation; || Consolidated Edison Company of New York, Inc.; || New York State Electric & Gas Corporation; || Niagara Mohawk Power Corporation d/b/a National Grid; || Orange and Rockland Utilities, Inc.; || Rochester Gas and Electric Corporation;",Commercial/Industrial - Serving || Residential - Serving || Small Commercial - Serving
"Snyder Brothers, Inc.","P.O. Box 1022, One Glade Park East, Kittanning, PA 16201",724-548-8101,724-919-4664,gasmarketing@snydercos.com,http://www.snyderbrothersinc.com/,GAS,National Fuel Gas Distribution Corporation;,Commercial/Industrial - Serving
South Bay Energy Corp.,"54 State Street, Suite 804 #7818, Albany, NY 12207",(631) 724-9010,(631) 724-9011,info@southbayenergy.com,http://southbayenergy.com,ELECTRIC,"Consolidated Edison Company of New York, Inc.; || KeySpan Gas East Corporation d/b/a National Grid; || The Brooklyn Union Gas Company d/b/a National Grid NY;",Commercial/Industrial - Serving || Residential - Serving || Small Commercial - Serving
South Energy LLC,"P.O. Box 21126, Durham, NC 27703",919-771-8369,984-329-7880,info@southenergyllc.com,http://www.southenergyllc.com,ELECTRIC,"Central Hudson Gas & Electric Corporation; || Consolidated Edison Company of New York, Inc.; || Corning Natural Gas Corporation; || KeySpan Gas East Corporation d/b/a National Grid; || National Fuel Gas Distribution Corporation; || New York State Electric & Gas Corporation; || Niagara Mohawk Power Corporation d/b/a National Grid; || Orange and Rockland Utilities, Inc.; || Rochester Gas and Electric Corporation; || St. Lawrence Gas Company, Inc.; || The Brooklyn Union Gas Company d/b/a National Grid NY;",Commercial/Industrial - Serving
"Southern Energy Solution Group, LLC","2336 S. East Ocean Blvd. #204, Stuart, FL 34996",772-919-2844,772-872-5240,info@soenergy-grp.com,http://www.soenergy-grp.com,ELECTRIC,"Consolidated Edison Company of New York, Inc.;",Commercial/Industrial - Serving
"Sprague Energy Solutions, Inc.","185 International Drive, Portsmouth, NH 03801",(603) 431-1000,(603) 430-5324,customercare@spragueenergy.com,http://www.spragueenergy.com,GAS,,Commercial/Industrial - Serving
Sprague Natural Gas,"185 International Drive, Portsmouth, NH 03801",603-431-1000,603-430-5324,customercare@spragueenergy.com,http://www.spragueenergy.com,GAS,"Central Hudson Gas & Electric Corporation; || Consolidated Edison Company of New York, Inc.; || Corning Natural Gas Corporation; || KeySpan Gas East Corporation d/b/a National Grid; || National Fuel Gas Distribution Corporation; || New York State Electric & Gas Corporation; || Niagara Mohawk Power Corporation d/b/a National Grid; || Orange and Rockland Utilities, Inc.; || Rochester Gas and Electric Corporation; || St. Lawrence Gas Company, Inc.; || The Brooklyn Union Gas Company d/b/a National Grid NY;",Commercial/Industrial - Serving
Stand Energy Corporation,"1077 Celestial Street, Suite 110, Cincinnati, OH 45202-1629",(513) 621-1113,(513) 621-3773,billing@standenergy.com,http://www.standenergy.com,GAS,"Corning Natural Gas Corporation; || National Fuel Gas Distribution Corporation; || New York State Electric & Gas Corporation; || Orange and Rockland Utilities, Inc.; || Rochester Gas and Electric Corporation;",Commercial/Industrial - Serving
Stream,"2745 Dallas Parkway, Suite 200, Plano, TX 75093",214-800-4400,,consumeraffairs@mystream.com,http://www.mystream.com,ELECTRIC,"Central Hudson Gas & Electric Corporation; || Consolidated Edison Company of New York, Inc.; || Corning Natural Gas Corporation; || KeySpan Gas East Corporation d/b/a National Grid; || Long Island Power Authority; || National Fuel Gas Distribution Corporation; || New York State Electric & Gas Corporation; || Niagara Mohawk Power Corporation d/b/a National Grid; || Orange and Rockland Utilities, Inc.; || Rochester Gas and Electric Corporation; || The Brooklyn Union Gas Company d/b/a National Grid NY;",Commercial/Industrial - Serving || Residential - Serving || Small Commercial - Serving
SunSea Energy LLC,"1903 Marlton Pike East Suite N73, Cherry Hill, NJ 08003",844-277-7517,215-565-2722,customercare@sunseaenergy.com,http://www.sunseaenergy.com/,ELECTRIC,"Central Hudson Gas & Electric Corporation; || Consolidated Edison Company of New York, Inc.; || KeySpan Gas East Corporation d/b/a National Grid; || New York State Electric & Gas Corporation; || Niagara Mohawk Power Corporation d/b/a National Grid; || Orange and Rockland Utilities, Inc.; || Rochester Gas and Electric Corporation; || The Brooklyn Union Gas Company d/b/a National Grid NY;",Residential - Serving || Small Commercial - Serving
"Texas Retail Energy, LLC","2608 SW J Street, Mailstop 5530, Bentonville, AR 72716",(479) 321-9864,(479) 204-0936,operations@texasretailenergy.com,,ELECTRIC,"Central Hudson Gas & Electric Corporation; || Consolidated Edison Company of New York, Inc.; || New York State Electric & Gas Corporation; || Niagara Mohawk Power Corporation d/b/a National Grid; || Orange and Rockland Utilities, Inc.; || Rochester Gas and Electric Corporation;",Commercial/Industrial - Serving
"Think Energy, LLC","4 Post Office Ln, Unit 1288, Greens Farms, CT 06838",8889233633,715-583-2978,care@thinkenergy.com,https://www.thinkenergy.com/?utm_source=rateboard&utm_medium=referral&utm_campaign=newyork,ELECTRIC,"Central Hudson Gas & Electric Corporation; || Consolidated Edison Company of New York, Inc.; || National Fuel Gas Distribution Corporation; || New York State Electric & Gas Corporation; || Niagara Mohawk Power Corporation d/b/a National Grid; || Orange and Rockland Utilities, Inc.; || Rochester Gas and Electric Corporation;",Commercial/Industrial - Serving || Residential - Serving || Small Commercial - Serving
"Titan Gas, LLC","3355 West Alabama, Suite 500, Houston, TX 77098",(713) 355-6200,800-450-3515,support@titannatgas.com,http://www.titannatgas.com,GAS,,Commercial/Industrial - Certified - Not Serving
"U.S. Gas & Electric, LLC. DBA New York Gas & Electric (16415US)","6555 Sierra Dr., Irving, TX 75039",214-812-4600,888-829-5797,NY_Markets@usgande.com,https://www.nygande.com/?rfid=PUC_New_York,GAS,"Central Hudson Gas & Electric Corporation; || Consolidated Edison Company of New York, Inc.; || Corning Natural Gas Corporation; || KeySpan Gas East Corporation d/b/a National Grid; || National Fuel Gas Distribution Corporation; || New York State Electric & Gas Corporation; || Niagara Mohawk Power Corporation d/b/a National Grid; || Orange and Rockland Utilities, Inc.; || Rochester Gas and Electric Corporation; || The Brooklyn Union Gas Company d/b/a National Grid NY;",Commercial/Industrial - Serving || Residential - Serving || Small Commercial - Serving
"UGI Energy Services, LLC d/b/a UGI EnergyLink","835 Knitting Mills Way, Wyomissing, PA 19610",(610) 373-7999,(610) 374-4288,customercare@ugies.com,http://www.ugies.com,ELECTRIC,"Central Hudson Gas & Electric Corporation; || Consolidated Edison Company of New York, Inc.; || Corning Natural Gas Corporation; || KeySpan Gas East Corporation d/b/a National Grid; || National Fuel Gas Distribution Corporation; || New York State Electric & Gas Corporation; || Niagara Mohawk Power Corporation d/b/a National Grid; || Orange and Rockland Utilities, Inc.; || Rochester Gas and Electric Corporation; || St. Lawrence Gas Company, Inc.; || The Brooklyn Union Gas Company d/b/a National Grid NY;",Commercial/Industrial - Serving
United Energy Supply Corp,"235 Sussex Road, New Rochelle, NY 10804",914-230-4123,914-654-6522,info@unitedenergysupply.com,http://unitedenergysupply.com,GAS,"Consolidated Edison Company of New York, Inc.; || KeySpan Gas East Corporation d/b/a National Grid; || The Brooklyn Union Gas Company d/b/a National Grid NY;",Commercial/Industrial - Serving || Residential - Serving || Small Commercial - Serving
Verde Energy USA New York LLC,"12140 Wickchester Ln Suite #100, Houston, TX 77079",800-388-3862,877-374-8007,customercare@VerdeEnergy.com,https://www.VerdeEnergy.com,ELECTRIC,"Central Hudson Gas & Electric Corporation; || Consolidated Edison Company of New York, Inc.; || KeySpan Gas East Corporation d/b/a National Grid; || New York State Electric & Gas Corporation; || Niagara Mohawk Power Corporation d/b/a National Grid; || Rochester Gas and Electric Corporation; || The Brooklyn Union Gas Company d/b/a National Grid NY;",Commercial/Industrial - Serving || Residential - Serving || Small Commercial - Serving
Vineyard Oil & Gas Corporation,"10299 West Main Road, North East, PA 16428",(814) 725-8742 x 132,(814) 725-9667,meastman@vogmarketing.com,http://www.vineyardoilandgas.com,GAS,National Fuel Gas Distribution Corporation;,Commercial/Industrial - Serving
"Viridian Energy NY, LLC","6555 Sierra Drive, Irving, TX 75039",214-812-4600,,customercare@viridian.com,http://www.viridian.com,ELECTRIC,"Central Hudson Gas & Electric Corporation; || Consolidated Edison Company of New York, Inc.; || KeySpan Gas East Corporation d/b/a National Grid; || New York State Electric & Gas Corporation; || Orange and Rockland Utilities, Inc.; || Rochester Gas and Electric Corporation;",Commercial/Industrial - Serving || Residential - Serving || Small Commercial - Serving
"Viridian Energy PA, LLC","6555 Sierra Drive, Irving, TX 75039",(866) 663-2508,,customercare@viridian.com,https://enroll.viridian.com/?ba=Agent98943,GAS,"Central Hudson Gas & Electric Corporation; || Consolidated Edison Company of New York, Inc.; || National Fuel Gas Distribution Corporation; || New York State Electric & Gas Corporation; || Niagara Mohawk Power Corporation d/b/a National Grid; || Orange and Rockland Utilities, Inc.; || Rochester Gas and Electric Corporation; || The Brooklyn Union Gas Company d/b/a National Grid NY;",Commercial/Industrial - Serving || Residential - Serving || Small Commercial - Serving
"XOOM Energy New York, LLC","804 Carnegie Center, Princeton, NJ 08540",888-997-8979,704-274-1430,consumeraffairs@xoomenergy.com,http://www.xoomenergy.com,ELECTRIC,"Central Hudson Gas & Electric Corporation; || Consolidated Edison Company of New York, Inc.; || KeySpan Gas East Corporation d/b/a National Grid; || National Fuel Gas Distribution Corporation; || New York State Electric & Gas Corporation; || Niagara Mohawk Power Corporation d/b/a National Grid; || Orange and Rockland Utilities, Inc.; || Rochester Gas and Electric Corporation; || The Brooklyn Union Gas Company d/b/a National Grid NY;",Commercial/Industrial - Serving || Residential - Serving || Small Commercial - Serving
Zone One Energy LLC,"105 W. 86th Street, Suite 101, New York, NY 10024",347-620-7283,,support@zone1energy.com,http://www.zone1energy.com,ELECTRIC,"Consolidated Edison Company of New York, Inc.;",Commercial/Industrial - Serving || Residential - Serving || Small Commercial - Serving
